{"cameraMode":{"drawMode":0,"name":"Shaded","section":"Shading Mode"},"sceneLighting":true,"audioPlay":false,"sceneViewState":{"showFog":true,"showMaterialUpdate":false,"showSkybox":true,"showFlares":true,"showImageEffects":true,"showParticleSystems":true},"in2DMode":false,"pivot":{"x":-6.2677764892578129,"y":11.077880859375,"z":31.6240234375},"rotation":{"x":0.006692494265735149,"y":0.9844100475311279,"z":-0.1715153455734253,"w":0.0384114570915699},"size":8.288935661315918,"orthographic":true}